[
  {
    "name": "Md Abdur Razzak",
    "designation": "Head & Assistant Professor",
    "contact": "01746671227",
    "email": "razzak.buet@gmail.com",
    "image": "/images/fac1.jpg",
    "status": "off_duty",
    "weekend": ["Thursday", "Friday"],
    "officeHours": {
      "Saturday": ["08:30", "20:00"],
      "Sunday": ["08:30", "15:00"],
      "Monday": ["08:30", "15:00"],
      "Tuesday": ["08:30", "15:00"],
      "Wednesday": ["08:30", "15:30"]
    },
    "classTimes": {
      "Saturday": [
        {"start": "12:00", "end": "14:00", "room": "B2-304", "batch": "3rd-CSE-B"},
        {"start": "16:00", "end": "17:00", "room": "B2-304", "batch": "3rd-CSE-Evn"},
        {"start": "17:00", "end": "18:00", "room": "B2-304", "batch": "4th-CSE-Evn"},
        {"start": "18:00", "end": "19:00", "room": "B2-304", "batch": "7th-CSE-B"},
        {"start": "19:00", "end": "20:00", "room": "B2-304", "batch": "71st-CSE-Evn"}
      ],
      "Sunday": [
        {"start": "11:00", "end": "12:00", "room": "B2-304", "batch": "4th-CSE-A"},
        {"start": "12:00", "end": "13:00", "room": "B2-304", "batch": "3rd-CSE-A"}
      ],
      "Monday": [
        {"start": "12:00", "end": "13:00", "room": "B2-304", "batch": "3rd-CSE-B"},
        {"start": "13:00", "end": "14:00", "room": "B2-304", "batch": "7th-CSE-A"}
      ],
      "Tuesday": [
        {"start": "12:00", "end": "13:00", "room": "B2-304", "batch": "3rd-CSE-A"},
        {"start": "13:00", "end": "14:00", "room": "B2-304", "batch": "7th-CSE-B"}
      ],
      "Wednesday": [
        {"start": "11:00", "end": "12:00", "room": "B2-306", "batch": "7th-CSE-B"},
        {"start": "12:00", "end": "13:00", "room": "B2-402", "batch": "4th-CSE-A"},
        {"start": "13:00", "end": "14:00", "room": "B2-304", "batch": "7th-CSE-A"}
      ]
    },
    "manualOverride": null,
    "overrideExpiry": null
  },
  {
    "name": "Partho Sarathi Sarker",
    "designation": "Deputy Head & Assistant Professor",
    "contact": "01926203351",
    "email": "parthosarker93@gmail.com",
    "image": "/images/fac2.jpg",
    "status": "off_duty",
    "weekend": ["Friday","Saturday"],
    "officeHours": {
      "Sunday": ["11:00", "17:00"],
      "Monday": ["09:00", "17:00"],
      "Tuesday": ["09:00", "17:00"],
      "Wednesday": ["10:00", "18:00"],
      "Thursday": ["10:00", "19:00"]
    },
    "classTimes": {
      "Sunday": [
        {"start": "12:00", "end": "13:00", "room": "B2-305", "batch": "4th-CSE-A"},
        {"start": "13:00", "end": "14:00", "room": "B2-305", "batch": "6th-CSE-B"},
        {"start": "15:00", "end": "16:00", "room": "B2-305", "batch": "6th-CSE-B"}
      ],
      "Monday": [
        {"start": "11:00", "end": "12:00", "room": "B2-305", "batch": "2nd-CSE-B"},
        {"start": "13:00", "end": "16:00", "room": "B2-305", "batch": "6th-CSE-A"}
      ],
      "Tuesday": [
        {"start": "12:00", "end": "13:00", "room": "B2-305", "batch": "4th-CSE-A"},
        {"start": "13:00", "end": "14:00", "room": "B2-305", "batch": "6th-CSE-A"},
        {"start": "14:00", "end": "15:00", "room": "B2-305", "batch": "6th-CSE-A"}
      ],
      "Wednesday": [
        {"start": "11:00", "end": "12:00", "room": "B2-305", "batch": "2nd-CSE-A"},
        {"start": "13:00", "end": "14:00", "room": "B2-305", "batch": "6th-CSE-B"},
        {"start": "14:00", "end": "15:00", "room": "B2-305", "batch": "6th-CSE-A"},
        {"start": "15:00", "end": "18:00", "room": "B2-203", "batch": "6th-CSE-B"}
      ],
      "Thursday": [
        {"start": "13:00", "end": "14:00", "room": "B2-305", "batch": "2nd-CSE-A"},
        {"start": "14:00", "end": "15:00", "room": "B2-305", "batch": "6th-CSE-B"},
        {"start": "15:00", "end": "16:00", "room": "B2-404", "batch": "6th-CSE-A"},
        {"start": "16:00", "end": "17:00", "room": "B2-404", "batch": "2nd-CSE-B"},
        {"start": "17:00", "end": "18:00", "room": "B2-305", "batch": "6th-CSE-Evn"},
        {"start": "18:00", "end": "19:00", "room": "B2-305", "batch": "2nd-CSE-Evn"}
      ]
    },
    "manualOverride": null,
    "overrideExpiry": null
  },
  {
    "name": "Md. Riadul Islam",
    "designation": "Additional Head & Assistant Professor",
    "contact": "01842611852",
    "email": "riadnwu@gmail.com",
    "image": "/images/fac3.jpg",
    "status": "off_duty",
    "weekend": ["Friday","Saturday"],
    "officeHours": {
      "Sunday": ["10:00", "17:00"],
      "Monday": ["10:00", "17:00"],
      "Tuesday": ["11:00", "17:00"],
      "Wednesday": ["09:00", "17:00"],
      "Thursday": ["11:00", "20:00"]
    },
    "classTimes": {
      "Sunday": [
        {"start": "12:00", "end": "13:00", "room": "B2-501", "batch": "7th-CSE-A"},
        {"start": "13:00", "end": "16:00", "room": "B2-102", "batch": "7th-CSE-A"}
      ],
      "Monday": [
        {"start": "12:00", "end": "13:00", "room": "B2-306", "batch": "4th-CSE-A"},
        {"start": "13:00", "end": "16:00", "room": "B2-102", "batch": "7th-CSE-B"}
      ],
      "Tuesday": [
        {"start": "13:00", "end": "14:00", "room": "B2-306", "batch": "7th-CSE-A"},
        {"start": "14:00", "end": "15:00", "room": "B2-306", "batch": "7th-CSE-B"}
      ],
      "Wednesday": [
        {"start": "09:00", "end": "12:00", "room": "B2-203", "batch": "4th-CSE-A"}
      ],
      "Thursday": [
        {"start": "12:00", "end": "13:00", "room": "B2-206", "batch": "7th-CSE-B"},
        {"start": "15:00", "end": "16:00", "room": "B2-306", "batch": "7th-CSE-Evn"},
        {"start": "16:00", "end": "17:00", "room": "B2-102", "batch": "7th-CSE-Evn"},
        {"start": "17:00", "end": "18:00", "room": "B2-102", "batch": "4th-CSE-Evn"},
        {"start": "18:00", "end": "19:00", "room": "B2-306", "batch": "6th-CSE-Evn"},
        {"start": "19:00", "end": "20:00", "room": "B2-306", "batch": "4th-CSE-Evn"}
      ]
    },
    "manualOverride": null,
    "overrideExpiry": null
  },
  {
    "name": "Md. Tariqul Islam",
    "designation": "Lecturer",
    "contact": "01842733104",
    "email": "tariq.ugv@gmail.com",
    "image": "/images/fac4.jpg",
    "status": "off_duty",
    "weekend": ["Friday","Sunday"],
    "officeHours": {
      "Saturday": ["12:00", "20:00"],
      "Monday": ["11:00", "18:00"],
      "Tuesday": ["10:00", "17:00"],
      "Wednesday": ["10:00", "17:00"],
      "Thursday": ["12:00", "20:00"]
    },
    "classTimes": {
      "Saturday": [
        {"start": "11:00", "end": "12:00", "room": "B2-406", "batch": "1st-CSE-C"},
        {"start": "12:00", "end": "13:00", "room": "B2-003", "batch": "5th-CSE-B"},
        {"start": "15:00", "end": "16:00", "room": "B2-003", "batch": "8th-CSE-B"},
        {"start": "18:00", "end": "19:00", "room": "B2-003", "batch": "8th-CSE-Evn"},
        {"start": "19:00", "end": "20:00", "room": "B2-306", "batch": "5th-CSE-Evn"}
      ],
      "Monday": [
        {"start": "11:00", "end": "12:00", "room": "B2-406", "batch": "1st-CSE-B"},
        {"start": "12:00", "end": "13:00", "room": "B2-305", "batch": "5th-CSE-A"},
        {"start": "13:00", "end": "14:00", "room": "B2-003", "batch": "6th-CSE-B"},
        {"start": "14:00", "end": "15:00", "room": "B2-203", "batch": "5th-CSE-C"},
        {"start": "15:00", "end": "16:00", "room": "B2-404", "batch": "8th-CSE-A"},
        {"start": "16:00", "end": "17:00", "room": "B2-305", "batch": "5th-CSE-B"}
      ],
      "Tuesday": [
        {"start": "10:00", "end": "11:00", "room": "B2-306", "batch": "1st-CSE-B"},
        {"start": "11:00", "end": "12:00", "room": "B2-206", "batch": "1st-CSE-A"},
        {"start": "14:00", "end": "15:00", "room": "B2-003", "batch": "8th-CSE-B"},
        {"start": "15:00", "end": "16:00", "room": "B2-003", "batch": "8th-CSE-A"}
      ],
      "Wednesday": [
        {"start": "11:00", "end": "12:00", "room": "B2-406", "batch": "1st-CSE-A"},
        {"start": "12:00", "end": "13:00", "room": "B2-003", "batch": "6th-CSE-B"},
        {"start": "13:00", "end": "14:00", "room": "B2-003", "batch": "6th-CSE-A"},
        {"start": "14:00", "end": "15:00", "room": "B2-304", "batch": "5th-CSE-C"}
      ],
      "Thursday": [
        {"start": "11:00", "end": "12:00", "room": "B2-304", "batch": "6th-CSE-A"},
        {"start": "12:00", "end": "13:00", "room": "B2-003", "batch": "5th-CSE-A"},
        {"start": "13:00", "end": "14:00", "room": "B2-406", "batch": "1st-CSE-C"}
      ]
    },
    "manualOverride": null,
    "overrideExpiry": null
  },
  {
    "name": "Md. Masudur Rahman",
    "designation": "Lecturer",
    "contact": "01731279192",
    "email": "masud7866@gmail.com",
    "image": "/images/fac5.jpg",
    "status": "off_duty",
    "weekend": ["Thursday","Friday"],
    "officeHours": {
      "Saturday": ["13:00", "21:00"],
      "Sunday": ["10:00", "17:00"],
      "Monday": ["10:00", "17:00"],
      "Tuesday": ["11:00", "18:00"],
      "Wednesday": ["10:00", "17:00"]
    },
    "classTimes": {
      "Saturday": [
        {"start": "13:00", "end": "14:00", "room": "B2-204", "batch": "8th-CSE-B"},
        {"start": "14:00", "end": "15:00", "room": "B2-205", "batch": "7th-CSE-A"},
        {"start": "17:00", "end": "18:00", "room": "B2-205", "batch": "6th-CSE-Evn"},
        {"start": "20:00", "end": "21:00", "room": "B2-205", "batch": "8th-CSE-Evn"}
      ],
      "Sunday": [
        {"start": "11:00", "end": "12:00", "room": "B2-405", "batch": "7th-CSE-B"},
        {"start": "12:00", "end": "13:00", "room": "B2-102", "batch": "8th-CSE-B"},
        {"start": "13:00", "end": "14:00", "room": "B2-204", "batch": "8th-CSE-A"},
        {"start": "16:00", "end": "17:00", "room": "B2-205", "batch": "7th-CSE-A"}
      ],
      "Monday": [
        {"start": "11:00", "end": "12:00", "room": "B2-304", "batch": "7th-CSE-B"},
        {"start": "14:00", "end": "15:00", "room": "B2-205", "batch": "8th-CSE-A"}
      ],
      "Tuesday": [
        {"start": "12:00", "end": "15:00", "room": "B2-102", "batch": "8th-CSE-A"},
        {"start": "15:00", "end": "16:00", "room": "B2-102", "batch": "8th-CSE-B"},
        {"start": "16:00", "end": "17:00", "room": "B2-204", "batch": "8th-CSE-A"}
      ],
      "Wednesday": [
        {"start": "11:00", "end": "12:00", "room": "B2-102", "batch": "8th-CSE-A"},
        {"start": "12:00", "end": "15:00", "room": "B2-102", "batch": "8th-CSE-B"},
        {"start": "15:00", "end": "16:00", "room": "B2-304", "batch": "8th-CSE-B"}
      ]
    },
    "manualOverride": null,
    "overrideExpiry": null
  },
  {
    "name": "Md. Zahid Akon",
    "designation": "Lecturer",
    "contact": "01703436278",
    "email": "akonzahid0713@gmail.com",
    "image": "/images/fac6.jpg",
    "status": "off_duty",
    "weekend": ["Friday","Saturday"],
    "officeHours": {
      "Sunday": ["09:00", "17:00"],
      "Monday": ["09:00", "17:00"],
      "Tuesday": ["09:00", "17:00"],
      "Wednesday": ["09:00", "16:00"],
      "Thursday": ["08:00", "17:00"]
    },
    "classTimes": {
      "Sunday": [
        {"start": "09:00", "end": "12:00", "room": "B2-204", "batch": "1st-CSE-A"},
        {"start": "13:00", "end": "14:00", "room": "B2-205", "batch": "1st-CSE-C"}
      ],
      "Monday": [
        {"start": "09:00", "end": "10:00", "room": "B2-304", "batch": "1st-CSE-A"},
        {"start": "10:00", "end": "11:00", "room": "B2-304", "batch": "1st-CSE-B"},
        {"start": "11:00", "end": "13:00", "room": "B2-404", "batch": "1st-Eng-A"}
      ],
      "Tuesday": [
        {"start": "08:00", "end": "11:00", "room": "B2-205", "batch": "1st-CSE-C"},
        {"start": "11:00", "end": "12:00", "room": "B2-306", "batch": "3rd-CSE-A"},
        {"start": "12:00", "end": "13:00", "room": "B2-306", "batch": "1st-CSE-B"},
        {"start": "14:00", "end": "15:00", "room": "B2-203", "batch": "2nd-Eng-A"}
      ],
      "Wednesday": [
        {"start": "09:00", "end": "10:00", "room": "B2-304", "batch": "1st-CSE-A"},
        {"start": "10:00", "end": "11:00", "room": "B2-306", "batch": "3rd-CSE-B"},
        {"start": "12:00", "end": "13:00", "room": "B2-306", "batch": "1st-CSE-C"},
        {"start": "14:00", "end": "15:00", "room": "B2-203", "batch": "2nd-Eng-A"}
      ],
      "Thursday": [
        {"start": "08:00", "end": "09:00", "room": "B2-306", "batch": "3rd-CSE-B"},
        {"start": "09:00", "end": "12:00", "room": "B2-204", "batch": "1st-CSE-B"},
        {"start": "16:00", "end": "12:00", "room": "B2-306", "batch": "3rd-CSE-A"}
      ]
    },
    "manualOverride": null,
    "overrideExpiry": null
  },
  {
    "name": "Mohammad Rony",
    "designation": "Lecturer",
    "contact": "01537582635",
    "email": "ronymohammad229@gmail.com",
    "image": "/images/fac7.jpg",
    "status": "off_duty",
    "weekend": ["Thursday","Friday"],
    "officeHours": {
      "Saturday": ["11:00", "21:00"],
      "Sunday": ["10:00", "17:00"],
      "Monday": ["10:00", "18:00"],
      "Tuesday": ["11:00", "18:00"],
      "Wednesday": ["10:00", "15:00"]
    },
    "classTimes": {
      "Saturday": [
        {"start": "12:00", "end": "13:00", "room": "B2-405", "batch": "2nd-EEE-A"},
        {"start": "13:00", "end": "14:00", "room": "B2-205", "batch": "7th-CSE-A"},
        {"start": "15:00", "end": "16:00", "room": "B2-404", "batch": "7th-CSE-A"},
        {"start": "16:00", "end": "17:00", "room": "B2-203", "batch": "7th-CSE-Evn"},
        {"start": "19:00", "end": "20:00", "room": "B2-404", "batch": "7th-CSE-Evn"}
      ],
      "Sunday": [
        {"start": "14:00", "end": "16:00", "room": "B2-203", "batch": "7th-CSE-B"}
      ],
      "Monday": [
        {"start": "12:00", "end": "13:00", "room": "B2-403", "batch": "7th-CSE-B"},
        {"start": "15:00", "end": "18:00", "room": "B2-203", "batch": "7th-CSE-A"}
      ],
      "Tuesday": [
        {"start": "15:00", "end": "16:00", "room": "B2-404", "batch": "7th-CSE-B"},
        {"start": "16:00", "end": "17:00", "room": "B2-404", "batch": "7th-CSE-A"}
      ],
      "Wednesday": [
        {"start": "11:00", "end": "12:00", "room": "B2-307", "batch": "2nd-EEE-A"},
        {"start": "12:00", "end": "13:00", "room": "B2-203", "batch": "7th-CSE-B"},
        {"start": "13:00", "end": "14:00", "room": "B2-404", "batch": "7th-CSE-B"},
        {"start": "14:00", "end": "15:00", "room": "B2-404", "batch": "7th-CSE-A"}
      ]
    },
    "manualOverride": null,
    "overrideExpiry": null
  },
  {
    "name": "Amartya Kundu Durjoy",
    "designation": "Lecturer",
    "contact": "01766338973",
    "email": "amartyakundudurjoy@gmail.com",
    "image": "/images/fac8.jpg",
    "status": "off_duty",
    "weekend": ["Friday","Saturday"],
    "officeHours": {
      "Sunday": ["11:00", "18:00"],
      "Monday": ["11:00", "18:00"],
      "Tuesday": ["11:00", "16:00"],
      "Wednesday": ["11:00", "18:00"],
      "Thursday": ["12:00", "22:00"]
    },
    "classTimes": {
      "Sunday": [
        {"start": "11:00", "end": "12:00", "room": "B2-404", "batch": "2nd-CSE-B"},
        {"start": "12:00", "end": "13:00", "room": "B2-406", "batch": "2nd-CSE-A"},
        {"start": "13:00", "end": "14:00", "room": "B2-003", "batch": "5th-CSE-B"},
        {"start": "15:00", "end": "16:00", "room": "B2-206", "batch": "5th-CSE-A"},
        {"start": "16:00", "end": "17:00", "room": "B2-206", "batch": "5th-CSE-C"}
      ],
      "Monday": [
        {"start": "11:00", "end": "12:00", "room": "B2-306", "batch": "6th-CSE-B"},
        {"start": "12:00", "end": "13:00", "room": "B2-206", "batch": "5th-CSE-C"},
        {"start": "13:00", "end": "14:00", "room": "B2-205", "batch": "2nd-CSE-B"},
        {"start": "14:00", "end": "15:00", "room": "B2-304", "batch": "5th-CSE-A"},
        {"start": "15:00", "end": "16:00", "room": "B2-205", "batch": "5th-CSE-A"}
      ],
      "Tuesday": [
        {"start": "11:00", "end": "12:00", "room": "B2-304", "batch": "6th-CSE-A"},
        {"start": "12:00", "end": "13:00", "room": "B2-404", "batch": "5th-CSE-B"},
        {"start": "13:00", "end": "16:00", "room": "B2-206", "batch": "5th-CSE-B"}
      ],
      "Wednesday": [
        {"start": "11:00", "end": "12:00", "room": "B2-205", "batch": "6th-CSE-B"},
        {"start": "12:00", "end": "13:00", "room": "B2-205", "batch": "6th-CSE-A"},
        {"start": "13:00", "end": "14:00", "room": "B2-205", "batch": "2nd-CSE-A"},
        {"start": "15:00", "end": "18:00", "room": "B2-206", "batch": "5th-CSE-C"}
      ],
      "Thursday": [
        {"start": "12:00", "end": "15:00", "room": "B2-203", "batch": "6th-CSE-A"},
        {"start": "15:00", "end": "18:00", "room": "B2-205", "batch": "6th-CSE-B"},
        {"start": "18:00", "end": "19:00", "room": "B2-203", "batch": "5th-CSE-Evn"},
        {"start": "19:00", "end": "20:00", "room": "B2-404", "batch": "5th-CSE-Evn"},
        {"start": "20:00", "end": "21:00", "room": "B2-205", "batch": "2nd-CSE-Evn"}
      ]
    },
    "manualOverride": null,
    "overrideExpiry": null
  },
  {
    "name": "Md. Minhaj Ul Islam",
    "designation": "Lecturer",
    "contact": "01784463101",
    "email": "minhaj17.cse@bu.ac.bd",
    "image": "/images/fac9.jpg",
    "status": "off_duty",
    "weekend": ["Thursday", "Friday"],
    "officeHours": {
      "Saturday": ["12:00", "22:00"],
      "Sunday": ["09:00", "17:00"],
      "Monday": ["09:00", "17:00"],
      "Tuesday": ["10:00", "17:00"],
      "Wednesday": ["10:00", "17:00"]
    },
    "classTimes": {
      "Saturday": [
        {"start": "14:00", "end": "15:00", "room": "B2-306", "batch": "6th-CSE-B"},
        {"start": "16:00", "end": "17:00", "room": "B2-306", "batch": "2nd-ME-Evn"},
        {"start": "17:00", "end": "18:00", "room": "B2-203", "batch": "3rd-CSE-Evn"},
        {"start": "19:00", "end": "20:00", "room": "B2-305", "batch": "3rd-CSE-Evn"},
        {"start": "20:00", "end": "21:00", "room": "B2-404", "batch": "5th-CSE-Evn"}
      ],
      "Sunday": [
        {"start": "09:00", "end": "10:00", "room": "B2-304", "batch": "3rd-CSE-A"},
        {"start": "12:00", "end": "13:00", "room": "B2-404", "batch": "5th-CSE-B"},
        {"start": "13:00", "end": "14:00", "room": "B2-404", "batch": "5th-CSE-A"},
        {"start": "14:00", "end": "15:00", "room": "B2-305", "batch": "6th-CSE-B"}
      ],
      "Monday": [
        {"start": "09:00", "end": "10:00", "room": "B2-306", "batch": "3rd-CSE-B"},
        {"start": "10:00", "end": "13:00", "room": "B2-203", "batch": "3rd-CSE-A"},
        {"start": "13:00", "end": "14:00", "room": "B2-306", "batch": "5th-CSE-C"}
      ],
      "Tuesday": [
        {"start": "10:00", "end": "13:00", "room": "B2-203", "batch": "3rd-CSE-B"},
        {"start": "13:00", "end": "14:00", "room": "B2-404", "batch": "5th-CSE-A"},
        {"start": "14:00", "end": "15:00", "room": "B2-404", "batch": "2nd-ME-A"},
        {"start": "15:00", "end": "16:00", "room": "B2-304", "batch": "6th-CSE-A"}
      ],
      "Wednesday": [
        {"start": "10:00", "end": "11:00", "room": "B2-304", "batch": "3rd-CSE-A"},
        {"start": "11:00", "end": "12:00", "room": "B2-304", "batch": "3rd-CSE-B"},
        {"start": "12:00", "end": "13:00", "room": "B2-404", "batch": "5th-CSE-B"},
        {"start": "13:00", "end": "14:00", "room": "B2-203", "batch": "5th-CSE-C"},
        {"start": "14:00", "end": "15:00", "room": "B2-306", "batch": "6th-CSE-B"},
        {"start": "15:00", "end": "16:00", "room": "B2-306", "batch": "6th-CSE-A"}
      ]
    },
    "manualOverride": null,
    "overrideExpiry": null
  },
  {
    "name": "Md. Yeakob Ali",
    "designation": "Lecturer",
    "contact": "01859672304",
    "email": "yeakob677@gmail.com",
    "image": "/images/fac10.jpg",
    "status": "off_duty",
    "weekend": ["Friday","Saturday"],
    "officeHours": {
      "Sunday": ["10:00", "17:00"],
      "Monday": ["08:00", "14:00"],
      "Tuesday": ["11:00", "17:00"],
      "Wednesday": ["10:00", "17:00"],
      "Thursday": ["13:00", "22:00"]
    },
    "classTimes": {
      "Sunday": [
        {"start": "10:00", "end": "11:00", "room": "B2-203", "batch": "4th-CSE-A"},
        {"start": "12:00", "end": "13:00", "room": "B2-203", "batch": "5th-CSE-A"},
        {"start": "14:00", "end": "15:00", "room": "B2-205", "batch": "5th-CSE-C"},
        {"start": "15:00", "end": "16:00", "room": "B2-205", "batch": "5th-CSE-B"}
      ],
      "Monday": [
        {"start": "08:00", "end": "11:00", "room": "B2-206", "batch": "4th-CSE-A"}
      ],
      "Tuesday": [
        {"start": "16:00", "end": "17:00", "room": "B2-203", "batch": "5th-CSE-B"}
      ],
      "Wednesday": [
        {"start": "12:00", "end": "13:00", "room": "B2-205", "batch": "5th-CSE-C"},
        {"start": "16:00", "end": "17:00", "room": "B2-205", "batch": "5th-CSE-A"}
      ],
      "Thursday": [
        {"start": "13:00", "end": "14:00", "room": "B2-205", "batch": "4th-CSE-A"},
        {"start": "15:00", "end": "16:00", "room": "B2-003", "batch": "5th-CSE-Evn"},
        {"start": "16:00", "end": "17:00", "room": "B2-203", "batch": "4th-CSE-Evn"},
        {"start": "18:00", "end": "19:00", "room": "B2-102", "batch": "4th-CSE-Evn"},
        {"start": "19:00", "end": "20:00", "room": "B2-203", "batch": "6th-CSE-Evn"},
        {"start": "20:00", "end": "21:00", "room": "B2-003", "batch": "6th-CSE-Evn"}
      ]
    },
    "manualOverride": null,
    "overrideExpiry": null
  },
  {
    "name": "Abdul Aziz",
    "designation": "Lab Instructor",
    "contact": "01877774031",
    "email": "aziz2022.abf@gmail.com",
    "image": "/images/fac11.jpg",
    "status": "off_duty",
    "weekend": ["Friday"],
    "officeHours": {
      "Saturday": ["12:00", "22:00"],
      "Sunday": ["09:00", "17:00"],
      "Monday": ["09:00", "17:00"],
      "Tuesday": ["09:00", "17:00"],
      "Wednesday": ["08:00", "18:00"],
      "Thursday": ["08:00", "14:00"]
    },
    "classTimes": {
      "Saturday":[
        {"start": "16:00", "end": "17:00", "room": "B2-102", "batch": "1st-CSE-Evn"},
        {"start": "17:00", "end": "18:00", "room": "B2-102", "batch": "1st-CSE-Evn"},
        {"start": "18:00", "end": "19:00", "room": "B2-102", "batch": "2nd-EEE-Evn"},
        {"start": "19:00", "end": "20:00", "room": "B2-102", "batch": "4th-CSE-Evn"},
        {"start": "20:00", "end": "21:00", "room": "B2-102", "batch": "2nd-ME-Evn"},
        {"start": "21:00", "end": "22:00", "room": "B2-102", "batch": "7th-CSE-Evn"}
      ],
      "Sunday": [
        {"start": "09:00", "end": "12:00", "room": "B2-102", "batch": "2nd-ME-A"}
      ],
      "Monday": [
        {"start": "09:00", "end": "12:00", "room": "B2-102", "batch": "2nd-EEE-A"}
      ],
      "Tuesday": [
        {"start": "09:00", "end": "12:00", "room": "B2-102", "batch": "4th-CSE-A"}
      ],
      "Wednesday": [
        {"start": "08:00", "end": "11:00", "room": "B2-102", "batch": "1st-CSE-B"},
        {"start": "15:00", "end": "18:00", "room": "B2-102", "batch": "7th-CSE-A"}
      ],
      "Thursday": [
        {"start": "08:00", "end": "11:00", "room": "B2-102", "batch": "7th-CSE-B"},
        {"start": "11:00", "end": "14:00", "room": "B2-102", "batch": "1st-CSE-A"}
      ]
    },
    "manualOverride": null,
    "overrideExpiry": null
  },
  {
    "name": "Ahad Khan",
    "designation": "Lab Instructor",
    "contact": "01765447491",
    "email": "ugv.ahadkhan@gmail.com",
    "image": "/images/fac12.jpg",
    "status": "off_duty",
    "weekend": ["Friday"],
    "officeHours": {
      "Saturday": ["09:00", "18:00"],
      "Sunday": ["09:00", "17:00"],
      "Monday": ["09:00", "17:00"],
      "Tuesday": ["10:00", "17:00"],
      "Wednesday": ["10:00", "17:00"],
      "Thursday": ["09:00", "18:00"]
    },
    "classTimes": {
      "Saturday": [
        {"start": "09:00", "end": "11:00", "room": "B2-003", "batch": "5th-CSE-C"},
        {"start": "13:00", "end": "16:00", "room": "B2-505", "batch": "5th-CSE-B"},
        {"start": "16:00", "end": "17:00", "room": "B2-505", "batch": "6th-CSE-Evn"},
        {"start": "17:00", "end": "18:00", "room": "B2-003", "batch": "5th-CSE-Evn"}
      ],
      "Sunday": [
        {"start": "10:00", "end": "13:00", "room": "B2-505", "batch": "6th-CSE-B"},
        {"start": "14:00", "end": "17:00", "room": "B2-003", "batch": "6th-CSE-A"}
      ],
      "Monday": [
        {"start": "10:00", "end": "13:00", "room": "B2-505", "batch": "6th-CSE-A"},
        {"start": "14:00", "end": "17:00", "room": "B2-003", "batch": "6th-CSE-B"}
      ],
      "Tuesday": [
        {"start": "10:00", "end": "13:00", "room": "B2-003", "batch": "5th-CSE-A"}
      ],
      "Wednesday": [
        {"start": "14:00", "end": "17:00", "room": "B2-505", "batch": "5th-CSE-B"}
      ],
      "Thursday": [
        {"start": "09:00", "end": "12:00", "room": "B2-003", "batch": "5th-CSE-A"},
        {"start": "12:00", "end": "15:00", "room": "B2-505", "batch": "5th-CSE-C"},
        {"start": "16:00", "end": "17:00", "room": "B2-003", "batch": "6th-CSE-Evn"},
        {"start": "17:00", "end": "18:00", "room": "B2-505", "batch": "5th-CSE-Evn"}
      ]
    },
    "manualOverride": null,
    "overrideExpiry": null
  },
  {
    "name": "Galib Jaman",
    "designation": "Lab Instructor",
    "contact": "01766555213",
    "email": "ugv.galibjaman@gmail.com",
    "image": "/images/fac13.jpg",
    "status": "off_duty",
    "weekend": ["Friday"],
    "officeHours": {
      "Saturday": ["09:00", "19:00"],
      "Sunday": ["09:00", "17:00"],
      "Monday": ["09:00", "16:00"],
      "Tuesday": ["09:00", "16:00"],
      "Wednesday": ["09:00", "17:00"],
      "Thursday": ["09:00", "17:00"]
    },
    "classTimes": {
      "Saturday": [
        {"start": "17:00", "end": "18:00", "room": "B2-501", "batch": "8th-CSE-Evn"},
        {"start": "18:00", "end": "19:00", "room": "B2-204", "batch": "5th-CSE-Evn"}
      ],
      "Monday": [
        {"start": "10:00", "end": "13:00", "room": "B2-204", "batch": "2nd-CSE-A"},
        {"start": "13:00", "end": "16:00", "room": "B2-204", "batch": "5th-CSE-B"}
      ],
      "Tuesday": [
        {"start": "10:00", "end": "13:00", "room": "B2-204", "batch": "2nd-CSE-B"},
        {"start": "13:00", "end": "16:00", "room": "B2-204", "batch": "5th-CSE-C"}
      ],
      "Wednesday": [
        {"start": "13:00", "end": "16:00", "room": "B2-204", "batch": "5th-CSE-A"}
      ],
      "Thursday": [
        {"start": "12:00", "end": "15:00", "room": "B2-204", "batch": "4th-CE-A"}
      ]
    },
    "manualOverride": null,
    "overrideExpiry": null
  }
]
